{
	"Charcthers": [
		{"name":"Clive",
		"color":0,
		"speed":3,
		"favoritePasta":"Macaroni"
		},
		
		{"name":"Alfred",
		"color ":4,
		"speed":100,
		"favoritePasta":"Spaghetti"},	
		
		{"name":"Maxwell",
		"color":3,
		"speed":90,
		"favoritePasta":"Lasagna"},	
		
		{"name":"Ainsly",
		"color":2,
		"speed":110,
		"favoritePasta":"Ravioli"},
		 		
		{"name":"Remington",
		"color":1,
		"speed":50,
		"favoritePasta":"Farfalle"},
		
		{"name":"Rutherford",
		"color":3,
		"speed":95,
		"favoritePasta":"Penne"},
		
		{"name":"Edgar",
		"color":0,
		"speed":60,
		"favoritePasta":"Linguine"},
		
		{"name":"Agatha",
		"color":4,
		"speed":120,
		"favoritePasta":"Pappardelle"},
		
		{"name":"Clementine",
		"color":3,
		"speed":150,
		"favoritePasta":"Tortellini"},
		
		{"name":"Edith",
		"color":4,
		"speed":100,
		"favoritePasta":"Capellini"},
		
		{"name":"Harriet",
		"color":2,
		"speed":110,
		"favoritePasta":"Prefers pizza"}

	]
}

